{
  "id" : 4556,
  "startingLocation_Lat" : 44.13452345,
  "startingLocation_Lon" : 54.13452345,
  "endingLocation_Lat" : 64.13452345,
  "endingLocation_Lon" : 74.13452345
}
